2026-06-24 12:33:54.000,Female,Central,Provincial school,C,A,A,S,S,A,C,B,A,1–2,1,2,5,5,2,1,Leadership,Parents,4,Biological Science,Medicine,"Yes, very well"
2026-06-25 17:01:12.000,Male,Central,Provincial school,W,S,C,A,A,W,C,S,A,0,5,5,3,4,2,5,"Sports, Prefect",Parents,3,Technology,IT,Somewhat
2026-06-21 08:17:46.000,Female,Southern,Semi-government,W,W,W,W,S,A,B,B,S,0,2,3,4,3,1,2,"Science club, Maths club",Other,1,Arts,Business,Somewhat
2026-06-10 15:23:41.000,Female,Central,National school,A,A,A,W,B,W,A,C,S,1–2,4,1,5,3,5,1,None,Teachers,2,Biological Science,Business,"Yes, very well"
2026-06-11 20:27:12.000,Male,Central,Semi-government,A,B,W,W,A,C,C,W,C,3–4,4,5,5,1,5,1,None,Parents,4,Arts,Not sure yet,Somewhat
2026-06-12 08:28:40.000,Female,Southern,National school,W,A,S,B,B,S,W,A,C,1–2,5,4,1,5,5,3,"Drama, Arts",Parents,3,Technology,Finance,"Yes, very well"
2026-06-25 14:05:44.000,Male,Sabaragamuwa,Provincial school,C,W,B,B,S,W,S,W,B,7–9,2,2,4,2,5,5,"Sports, Prefect",Parents,3,Commerce,Government service,"Yes, very well"
2026-06-13 15:49:06.000,Female,Southern,Provincial school,S,A,W,W,W,B,A,S,S,1–2,2,5,3,2,1,1,"Arts, ICT",Parents,3,Technology,Law,"Yes, very well"
2026-06-11 20:20:03.000,Male,Sabaragamuwa,Semi-government,B,C,S,B,B,B,S,W,B,0,5,1,1,1,2,5,Leadership,Parents,4,Commerce,Law,"Yes, very well"
2026-06-16 11:26:57.000,Female,Sabaragamuwa,National school,C,A,A,W,A,S,C,W,C,1–2,3,4,4,5,5,1,"Arts, ICT",Parents,1,Technology,Government service,Somewhat
2026-06-14 12:00:18.000,Male,Central,Provincial school,C,S,C,C,S,A,B,B,S,3–4,5,5,3,5,1,5,None,Own interest,2,Technology,IT,Somewhat
2026-06-11 11:37:13.000,Female,Uva,Provincial school,B,A,A,C,W,C,W,B,W,1–2,3,5,2,5,5,1,"Science club, Maths club",Friends,5,Commerce,Government service,Somewhat
2026-06-24 10:26:11.000,Male,Sabaragamuwa,Semi-government,B,B,B,S,B,W,A,W,C,1–2,4,5,3,3,4,3,None,Friends,4,Biological Science,Medicine,"Yes, very well"
2026-06-12 15:22:51.000,Male,Uva,Provincial school,S,S,C,S,C,S,A,C,W,7–9,4,2,2,5,1,2,"Sports, Prefect",Friends,2,Arts,Education,Somewhat
2026-06-15 11:13:48.000,Female,Southern,Provincial school,A,W,C,B,W,S,C,C,W,5–6,3,1,1,5,4,3,"Drama, Arts",Other,3,Technology,Medicine,"Yes, very well"
2026-06-18 15:14:31.000,Female,Central,Semi-government,W,C,B,A,W,B,B,B,B,5–6,5,4,4,4,5,3,"Science club, Maths club",Friends,2,Technology,Business,"Yes, very well"
2026-06-12 18:48:19.000,Female,Southern,Provincial school,S,W,C,S,A,A,S,W,B,5–6,4,5,5,3,2,2,"Drama, Arts",Parents,4,Arts,Medicine,Somewhat
2026-06-21 17:52:33.000,Male,Uva,Provincial school,S,B,S,W,A,W,B,S,C,5–6,4,1,2,4,3,4,"Science club, Maths club",Parents,2,Technology,Engineering,Somewhat
2026-06-22 12:01:58.000,Male,Southern,Semi-government,S,C,A,A,C,S,C,A,S,0,5,4,4,5,3,4,Leadership,Teachers,1,Commerce,Education,Somewhat
2026-06-19 08:08:39.000,Female,Central,Semi-government,B,S,A,W,A,C,C,C,S,7–9,2,1,2,4,2,4,"Drama, Arts",Teachers,2,Arts,Engineering,"Yes, very well"
2026-06-25 08:19:03.000,Male,Southern,Provincial school,W,S,S,C,A,S,B,C,W,0,2,2,5,3,1,2,"Science club, Maths club",Own interest,3,Biological Science,Not sure yet,Somewhat
2026-06-11 14:05:11.000,Male,Central,National school,C,A,C,A,S,C,B,A,B,1–2,1,5,3,2,4,4,"Science club, Maths club",Friends,2,Technology,Medicine,"Yes, very well"
2026-06-15 19:05:47.000,Male,Central,Provincial school,C,S,B,B,W,C,C,S,A,5–6,1,5,5,3,2,2,None,Parents,5,Arts,Law,"Yes, very well"
2026-06-10 11:53:52.000,Female,Central,National school,B,C,A,B,B,B,A,C,A,5–6,3,1,5,1,5,5,"Arts, ICT",Teachers,1,Biological Science,Government service,"Yes, very well"
2026-06-16 20:12:17.000,Female,Uva,National school,W,S,S,W,A,W,W,A,B,3–4,5,4,4,2,4,3,None,Teachers,1,Arts,Government service,Somewhat
2026-06-15 20:18:39.000,Female,Southern,Provincial school,B,A,B,W,S,W,W,A,S,3–4,1,5,1,4,5,4,None,Parents,2,Arts,Medicine,Somewhat
2026-06-25 15:53:02.000,Male,Uva,Semi-government,W,S,B,C,A,C,C,C,B,7–9,4,2,1,4,2,3,Leadership,Teachers,1,Technology,Engineering,"Yes, very well"
2026-06-16 18:50:45.000,Female,Uva,National school,W,W,A,S,A,S,C,C,W,1–2,5,1,5,5,1,5,"Science club, Maths club",Own interest,4,Commerce,Not sure yet,Somewhat
2026-06-23 18:35:32.000,Male,Sabaragamuwa,National school,B,C,B,B,S,C,C,C,W,0,3,5,4,4,5,1,"Science club, Maths club",Parents,4,Arts,Engineering,"Yes, very well"
2026-06-25 16:09:05.000,Male,Central,Semi-government,W,W,C,W,C,W,C,A,W,5–6,4,4,2,4,2,2,"Drama, Arts",Parents,5,Commerce,Government service,"Yes, very well"
2026-06-11 20:09:07.000,Female,Sabaragamuwa,Semi-government,W,C,A,A,S,S,B,B,A,7–9,3,5,1,1,5,2,"Sports, Prefect",Friends,2,Commerce,Not sure yet,"Yes, very well"
2026-06-24 08:35:57.000,Male,Sabaragamuwa,Provincial school,B,C,S,S,B,B,W,C,W,1–2,4,1,2,2,2,5,None,Parents,2,Biological Science,Engineering,Somewhat
2026-06-17 13:44:56.000,Female,Uva,Provincial school,A,W,W,W,B,C,W,S,B,1–2,1,1,1,2,4,5,None,Friends,1,Commerce,Business,Somewhat
2026-06-11 10:00:19.000,Female,Uva,National school,C,A,B,W,A,W,B,S,B,5–6,3,2,2,3,2,5,Leadership,Own interest,3,Arts,Law,Somewhat
2026-06-10 15:16:46.000,Female,Sabaragamuwa,Provincial school,W,A,C,W,W,W,B,A,W,0,3,1,4,1,5,4,"Sports, Prefect",Teachers,4,Biological Science,Finance,"Yes, very well"
2026-06-18 20:57:13.000,Male,Uva,Provincial school,W,W,S,W,W,B,A,C,B,0,4,2,4,2,3,4,"Science club, Maths club",Friends,5,Biological Science,IT,"Yes, very well"
2026-06-24 17:10:07.000,Female,Uva,Semi-government,B,W,S,S,A,B,S,W,A,5–6,4,1,2,4,2,1,"Science club, Maths club",Other,3,Technology,Finance,"Yes, very well"
2026-06-21 16:09:08.000,Male,Central,Semi-government,S,B,C,C,C,A,W,S,W,7–9,5,2,4,4,5,2,"Science club, Maths club",Own interest,3,Biological Science,Medicine,"Yes, very well"
2026-06-14 17:54:47.000,Female,Uva,National school,S,A,W,C,W,C,S,B,B,3–4,5,1,2,5,1,4,None,Teachers,3,Arts,Education,Somewhat
2026-06-19 14:49:22.000,Male,Uva,Semi-government,S,W,A,A,A,C,W,B,A,5–6,4,4,4,3,3,2,"Sports, Prefect",Teachers,3,Biological Science,Government service,Somewhat
2026-06-25 18:24:41.000,Male,Sabaragamuwa,Provincial school,C,S,S,W,S,C,W,C,C,5–6,2,5,1,5,2,3,"Drama, Arts",Own interest,3,Commerce,Education,Somewhat
2026-06-21 09:01:39.000,Female,Uva,Semi-government,W,C,S,W,C,W,W,S,C,5–6,3,3,5,4,2,5,None,Teachers,3,Biological Science,Education,"Yes, very well"
2026-06-22 11:29:50.000,Male,Central,National school,W,B,B,W,S,A,B,B,C,0,4,2,1,3,3,2,"Science club, Maths club",Parents,2,Arts,Not sure yet,"Yes, very well"
2026-06-10 15:28:40.000,Male,Central,National school,A,W,C,A,B,B,A,A,S,1–2,3,2,2,4,1,2,Leadership,Friends,2,Commerce,Law,"Yes, very well"
2026-06-18 08:49:42.000,Female,Uva,Provincial school,B,W,C,C,B,S,C,A,C,5–6,3,4,4,3,3,1,"Drama, Arts",Parents,3,Biological Science,Not sure yet,Somewhat
2026-06-18 18:09:15.000,Male,Uva,Semi-government,A,S,S,W,C,W,B,C,C,3–4,5,5,1,1,4,1,"Arts, ICT",Own interest,1,Biological Science,Medicine,Somewhat
2026-06-15 15:59:16.000,Female,Central,Semi-government,B,W,B,A,S,B,S,B,B,7–9,5,4,5,4,5,2,"Science club, Maths club",Parents,3,Technology,Education,"Yes, very well"
2026-06-24 14:48:07.000,Male,Southern,Semi-government,C,B,W,A,C,C,S,A,W,5–6,5,3,1,2,4,5,"Sports, Prefect",Parents,5,Biological Science,Medicine,Somewhat
2026-06-16 15:54:39.000,Female,Uva,National school,W,A,S,C,W,B,S,W,W,7–9,3,4,4,3,5,2,"Science club, Maths club",Other,3,Commerce,Not sure yet,"Yes, very well"
2026-06-20 11:16:49.000,Female,Sabaragamuwa,Semi-government,A,S,W,C,B,B,C,S,C,5–6,4,3,5,1,2,2,None,Teachers,3,Commerce,Medicine,Somewhat
