Timestamp,1. What is your gender?,2.  What province are you from?,3.  What type of school did you attend?,4. What grade did you get for each O/L subject? [Mathematics],4. What grade did you get for each O/L subject? [Science],4. What grade did you get for each O/L subject? [English],4. What grade did you get for each O/L subject? [Sinhala/Tamil],4. What grade did you get for each O/L subject? [History],4. What grade did you get for each O/L subject? [Relegion],"4. What grade did you get for each O/L subject? [Commerce, Geography]","4. What grade did you get for each O/L subject? [ICT, Health Science]",4. What grade did you get for each O/L subject? [Art/Music/Drama],5.  How many A grades did you get at O/L overall?,6.  I enjoy solving mathematical problems and logical puzzles.,"7. I like working with tools, machines, or doing hands-on practical work.","8.  I enjoy drawing, writing stories, music, or other creative activities.","9.  I like helping, teaching, or working closely with other people.","10.  I enjoy leading groups, persuading others, or managing projects.","11.  I prefer following clear rules, organizing information, and working with data.",12.  Which extracurricular activities did you participate in? (select all that apply),13.  Who most influenced your stream selection?,14.  How satisfied are you with the stream you chose?,15.   Which A/L subject stream did you select?,16.  What career field are you hoping to enter after A/L?,17.  Do you feel your chosen stream aligns well with your career goal?
6/10/2026 17:38:56,Female,Sabaragamuwa,Provincial school,C,S,A,B,B,C,C,C,B,1–2,4,3,5,4,3,3,Leadership,Teachers,4,Arts,Education,Somewhat
6/10/2026 17:40:52,Female,Sabaragamuwa,National school,A,A,A,A,A,A,B,A,A,7–9,5,5,5,5,5,5,Prefect,Own interest,5,Technology,IT,"Yes, very well"
6/10/2026 17:45:39,Male,Sabaragamuwa,National school,A,B,B,A,A,A,A,A,B,5–6,4,3,4,3,4,3,"Arts, ICT",Friends,3,Technology,IT,Somewhat
6/10/2026 17:50:50,Female,Sabaragamuwa,National school,A,A,C,A,A,A,A,A,A,7–9,2,2,4,3,2,2,None,Own interest,4,Biological Science,Medicine,"Yes, very well"
6/10/2026 17:50:52,Male,Sabaragamuwa,National school,C,W,S,C,C,S,,C,S,0,2,,,,,,None,Other,3,Commerce,Finance,Somewhat
6/10/2026 17:55:41,Female,Sabaragamuwa,National school,A,B,B,A,A,A,A,A,B,5–6,3,2,5,5,3,3,None,Friends,5,Commerce,Government service,"Yes, very well"
6/10/2026 17:57:56,Female,Sabaragamuwa,National school,A,A,B,A,A,A,A,A,A,7–9,2,2,3,4,1,1,"Science club, Maths club, Arts, Sports, Prefect, Religious activities",Teachers,4,Arts,Law,"Yes, very well"
6/10/2026 18:02:57,Male,Sabaragamuwa,National school,B,B,C,C,S,A,C,C,C,1–2,3,5,4,5,4,3,"Drama, Prefect, Leadership, Religious activities",Parents,4,Technology,Business,Somewhat
6/10/2026 18:03:21,Male,Sabaragamuwa,National school,B,A,S,B,B,A,A,B,C,3–4,3,5,2,3,4,3,"Sports, Prefect",Parents,3,Technology,Engineering,"Yes, very well"
6/10/2026 18:05:35,Female,Sabaragamuwa,National school,C,S,C,C,C,B,C,C,C,0,1,1,1,3,4,4,Arts,Parents,4,Technology,Education,"Yes, very well"
6/10/2026 18:05:53,Female,Sabaragamuwa,National school,A,B,B,A,A,A,,A,B,5–6,5,5,5,5,2,3,Maths club,Parents,5,Technology,Education,"Yes, very well"
6/10/2026 18:06:17,Female,Sabaragamuwa,National school,B,C,B,B,A,C,A,A,S,3–4,5,5,5,5,5,5,"Drama, Sports, ICT, Coding, Prefect, Leadership, Religious activities",Parents,5,Technology,IT,"Yes, very well"
6/10/2026 18:09:16,Female,Sabaragamuwa,National school,A,A,A,A,A,A,B,A,C,7–9,5,1,2,5,1,3,"Science club, Sports",Parents,2,Biological Science,Not sure yet,"Yes, very well"
6/10/2026 18:10:54,Female,Sabaragamuwa,National school,B,B,B,B,B,B,A,B,A,1–2,3,5,5,3,5,2,"Debate, Drama",Friends,5,Commerce,Business,"Yes, very well"
6/10/2026 18:11:11,Female,Sabaragamuwa,National school,C,C,C,B,C,A,,A,C,1–2,2,5,5,5,5,5,"Drama, Arts, Sports, ICT, Prefect, Leadership",Friends,5,Arts,Government service,"Yes, very well"
6/10/2026 18:12:11,Female,Sabaragamuwa,National school,C,S,C,C,S,A,C,B,C,1–2,3,2,2,3,3,3,"ICT, Leadership",Own interest,4,Commerce,IT,Somewhat
6/10/2026 18:12:17,Female,Sabaragamuwa,National school,C,S,C,C,C,B,C,C,C,0,1,1,2,3,3,4,Coding,Own interest,3,Technology,Education,"Yes, very well"
6/10/2026 18:13:04,Female,Sabaragamuwa,National school,A,A,B,B,A,A,A,A,A,7–9,5,5,5,5,5,5,"Arts, Sports, Prefect, Leadership, Religious activities",Parents,5,Biological Science,Not sure yet,Somewhat
6/10/2026 18:15:08,Female,Sabaragamuwa,National school,A,B,A,A,B,A,A,A,A,5–6,5,5,5,5,5,5,,,,,,
6/10/2026 18:15:08,Female,Sabaragamuwa,National school,A,B,B,B,A,A,A,A,A,5–6,3,3,4,5,4,3,"Science club, Sports, Religious activities",Own interest,3,Biological Science,Not sure yet,Somewhat
6/10/2026 18:16:02,Female,Sabaragamuwa,National school,A,B,B,A,A,A,A,B,A,5–6,5,5,5,5,5,5,,,,,,
6/10/2026 18:16:49,Female,Sabaragamuwa,National school,C,S,B,B,B,A,C,S,C,1–2,4,5,3,5,4,5,,,,,,
6/10/2026 18:16:52,Male,Sabaragamuwa,National school,B,B,C,B,A,B,A,A,C,3–4,2,3,2,5,1,1,,,,,,
6/10/2026 18:16:52,Female,Sabaragamuwa,National school,A,A,A,A,A,A,A,A,C,7–9,1,1,1,5,5,1,,,,,,
6/10/2026 18:18:10,Male,Sabaragamuwa,National school,A,A,C,B,A,A,A,B,C,5–6,5,5,3,4,5,,,,,,,
6/10/2026 18:18:20,Male,Uva,National school,A,B,A,A,B,A,B,A,C,5–6,5,3,4,3,3,5,,,,,,
6/10/2026 18:19:34,Female,Uva,National school,A,C,S,B,C,B,A,A,B,3–4,4,5,5,4,4,4,,,,,,
6/10/2026 18:20:33,Female,Sabaragamuwa,National school,A,A,A,A,A,A,A,A,A,7–9,4,2,5,5,4,5,,,,,,
6/10/2026 18:22:20,Female,Sabaragamuwa,National school,A,B,A,B,B,A,B,B,A,3–4,5,2,5,3,2,3,,,,,,
6/10/2026 18:25:39,Female,Sabaragamuwa,National school,B,B,B,A,A,A,A,A,A,5–6,5,2,1,3,4,4,,,,,,
6/10/2026 18:25:52,Female,Sabaragamuwa,National school,A,A,A,A,A,A,A,A,A,7–9,4,5,5,2,5,5,,,,,,
6/10/2026 18:28:28,Male,Sabaragamuwa,National school,B,C,C,B,C,B,A,B,A,1–2,2,4,3,1,3,3,,,,,,
6/10/2026 18:28:59,Female,Sabaragamuwa,National school,C,S,B,B,B,B,,B,B,1–2,2,4,5,5,4,5,,,,,,
6/10/2026 18:29:08,Female,Central,National school,A,A,B,A,A,A,A,A,A,7–9,4,4,4,3,3,5,,,,,,
6/10/2026 18:29:39,Female,Sabaragamuwa,National school,A,A,C,A,A,A,A,A,A,7–9,1,2,1,4,3,3,,,,,,
6/10/2026 18:29:45,Female,Sabaragamuwa,National school,A,B,C,B,A,A,A,A,A,5–6,3,2,3,3,3,2,,,,,,
6/10/2026 18:30:25,Female,Sabaragamuwa,National school,C,C,C,B,B,B,B,A,C,1–2,2,3,5,5,5,3,,,,,,
6/10/2026 18:32:40,Female,Sabaragamuwa,National school,B,B,B,B,A,A,B,S,A,3–4,2,4,5,5,4,4,,,,,,
6/10/2026 18:42:00,Female,Sabaragamuwa,National school,A,B,B,A,C,A,A,A,B,5–6,4,5,3,5,4,4,,,,,,
6/10/2026 18:46:21,Male,Sabaragamuwa,National school,A,A,A,A,A,A,B,A,,7–9,5,5,5,5,5,5,,,,,,
6/10/2026 18:49:00,Female,Sabaragamuwa,National school,C,C,A,C,B,A,C,C,A,3–4,4,5,5,5,5,5,,,,,,
6/10/2026 18:49:07,Female,Sabaragamuwa,National school,B,A,C,A,B,A,A,A,B,5–6,5,5,5,5,5,5,,,,,,
6/10/2026 18:53:20,Female,Sabaragamuwa,Provincial school,A,A,A,A,A,A,A,A,A,7–9,5,2,5,2,2,3,,,,,,
6/10/2026 18:57:39,Female,Sabaragamuwa,National school,B,A,C,A,A,A,A,B,A,5–6,5,5,5,5,5,3,,,,,,
6/10/2026 19:00:24,Female,Sabaragamuwa,National school,A,A,A,A,A,A,A,B,B,7–9,5,2,5,5,5,3,,,,,,
6/10/2026 19:07:12,Female,Sabaragamuwa,National school,B,C,C,B,C,A,A,C,A,3–4,3,2,5,5,3,1,,,,,,
6/10/2026 19:14:31,Female,Sabaragamuwa,National school,A,B,B,A,B,A,A,B,B,3–4,4,3,5,5,5,5,,,,,,
6/10/2026 19:21:20,Male,Central,National school,B,B,C,A,A,A,,C,A,5–6,1,,1,1,,1,,,,,,
6/10/2026 19:23:59,Female,Sabaragamuwa,National school,A,A,A,A,A,A,A,A,A,7–9,1,1,1,1,1,1,,,,,,
6/10/2026 19:28:42,Female,Sabaragamuwa,Semi-government,C,C,A,A,B,A,B,A,A,5–6,4,2,5,3,1,3,,,,,,
6/10/2026 19:35:23,Female,Sabaragamuwa,National school,C,B,"C, S",B,"B, C",A,A,A,A,3–4,3,5,5,4,5,5,,,,,,
6/10/2026 19:39:12,Female,Uva,Provincial school,A,A,A,A,A,A,A,A,A,7–9,4,1,5,1,3,3,,,,,,
6/10/2026 19:47:41,Female,Sabaragamuwa,National school,A,A,A,A,A,B,A,A,A,7–9,5,3,2,4,4,4,,,,,,
6/10/2026 19:47:45,Male,Sabaragamuwa,National school,C,S,W,B,C,B,C,B,C,0,3,2,4,4,3,3,,,,,,
6/10/2026 19:48:01,Female,Sabaragamuwa,National school,A,C,A,B,C,C,A,A,B,3–4,5,2,3,5,5,5,,,,,,
6/10/2026 19:56:28,Female,Sabaragamuwa,Provincial school,B,B,B,A,C,A,B,B,,3–4,5,5,5,5,3,3,,,,,,
6/10/2026 19:57:47,Female,Sabaragamuwa,Provincial school,B,B,B,A,B,A,B,B,,3–4,5,5,5,3,5,,,,,,,
6/10/2026 20:11:30,Male,Sabaragamuwa,National school,C,S,S,C,C,B,B,B,C,0,1,5,1,1,2,3,,,,,,
6/10/2026 20:14:44,Female,Sabaragamuwa,National school,A,A,C,B,A,A,A,B,B,5–6,5,3,4,4,3,3,,,,,,
6/10/2026 20:15:47,Male,Sabaragamuwa,National school,A,C,C,B,C,C,C,B,B,1–2,5,5,3,4,4,5,,,,,,
6/10/2026 20:19:49,Female,Sabaragamuwa,National school,C,B,B,A,C,A,B,A,B,3–4,5,5,5,5,5,5,,,,,,
6/10/2026 20:26:10,Female,Sabaragamuwa,National school,B,C,C,A,S,A,B,B,B,1–2,4,3,5,5,3,5,,,,,,
6/10/2026 20:37:59,Female,Uva,National school,C,C,C,B,C,A,,,,1–2,1,1,2,3,1,3,,,,,,
6/10/2026 20:40:17,Female,Sabaragamuwa,National school,B,A,S,A,B,A,B,A,B,3–4,4,4,2,5,4,3,,,,,,
6/10/2026 20:45:21,Female,Sabaragamuwa,Semi-government,A,B,C,B,A,A,A,A,A,5–6,5,4,4,4,4,5,,,,,,
6/10/2026 20:49:46,Female,Sabaragamuwa,National school,A,A,B,A,A,A,,A,,7–9,4,3,5,2,3,5,,,,,,
6/10/2026 22:13:49,Male,Sabaragamuwa,National school,C,C,C,C,B,A,A,B,C,1–2,5,5,4,5,5,5,,,,,,
6/10/2026 23:42:59,Female,Sabaragamuwa,National school,B,B,C,A,C,B,,,,3–4,5,1,5,5,4,4,,,,,,
6/11/2026 6:30:06,Female,Sabaragamuwa,National school,A,C,C,B,A,A,,C,B,3–4,2,5,5,5,5,,,,,,,
6/11/2026 7:37:12,Female,Sabaragamuwa,National school,C,C,C,C,C,C,S,C,C,0,4,4,5,4,5,5,,,,,,
6/11/2026 12:25:10,Male,Uva,National school,A,A,B,A,A,A,A,A,A,7–9,5,3,5,5,2,3,,,,,,
6/11/2026 16:08:04,Female,Sabaragamuwa,Provincial school,C,C,S,B,C,A,B,A,B,1–2,1,1,4,3,3,2,,,,,,
6/14/2026 20:15:32,Female,Southern,National school,A,B,C,A,A,A,A,C,A,0,5,4,5,5,5,5,,,,,,
6/25/2026 11:40:39,Female,Sabaragamuwa,National school,A,B,S,A,A,A,A,A,A,7–9,5,2,5,5,3,5,,,,,,
6/25/2026 12:53:39,Male,Sabaragamuwa,National school,S,S,S,C,C,C,,C,S,0,,5,,,,4,,,,,,
6/25/2026 23:21:01,Male,Sabaragamuwa,Semi-government,"A, C",S,S,C,B,B,C,A,C,1–2,4,3,2,5,2,1,,,,,,
6/25/2026 23:30:24,Male,Sabaragamuwa,National school,C,S,C,C,C,C,C,A,W,1–2,5,5,2,5,3,5,,,,,,
7/19/2026 21:24:23,Female,Sabaragamuwa,National school,A,B,B,B,A,A,A,A,A,5–6,4,3,5,5,5,4,,,,,,
