record_id,data_source,gender,district,school_type,medium,math_grade,science_grade,english_grade,first_lang_grade,history_grade,religion_grade,basket_1_subject,basket_1_grade,basket_2_subject,basket_2_grade,basket_3_subject,basket_3_grade,has_sports,has_clubs_societies,has_coding_robotics,has_debating_media,has_music_performing_arts,has_visual_arts,has_volunteering_scouts,has_leadership_prefect,has_reading_writing,has_entrepreneurship,score_realistic,score_investigative,score_artistic,score_social,score_enterprising,score_conventional,preferred_career_domain,preferred_work_style,higher_education_interest,parental_influence_level,teacher_guidance_level,al_stream
STU-REAL-0001,real,Female,Sabaragamuwa,1AB Provincial School,Sinhala,C,S,A,B,B,C,Geography,C,Drama,B,Health_Science,C,0,0,0,0,0,0,0,1,0,0,3.0,4.0,5.0,4.0,3.0,3.0,Education,Hands-on Practical & Fieldwork,State University Degree (UGC Merit/District),2,5,Arts
STU-REAL-0002,real,Female,Sabaragamuwa,1AB National School,Sinhala,A,A,A,A,A,A,Commerce,B,Drama,A,Design_Tech,A,0,0,0,0,0,0,0,1,0,0,5.0,5.0,5.0,5.0,5.0,5.0,IT,Hands-on Practical & Fieldwork,State University Degree (UGC Merit/District),2,2,Technology
STU-REAL-0003,real,Male,Sabaragamuwa,1AB National School,Sinhala,A,B,B,A,A,A,Commerce,A,Drama,B,Design_Tech,A,0,0,1,0,0,1,0,0,0,0,3.0,4.0,4.0,3.0,4.0,3.0,IT,Hands-on Practical & Fieldwork,State University Degree (UGC Merit/District),3,2,Technology
STU-REAL-0004,real,Female,Sabaragamuwa,1AB National School,Sinhala,A,A,C,A,A,A,Commerce,A,Drama,A,Design_Tech,A,0,0,0,0,0,0,0,0,0,0,2.0,2.0,4.0,3.0,2.0,2.0,Medicine,Hands-on Practical & Fieldwork,State University Degree (UGC Merit/District),2,2,Biological Science
STU-REAL-0005,real,Male,Sabaragamuwa,1AB National School,Sinhala,C,W,S,C,C,S,Geography,C,Art,S,Health_Science,C,0,0,0,0,0,0,0,0,0,0,3.0,2.0,3.0,3.0,3.0,3.0,Finance,Hands-on Practical & Fieldwork,State University Degree (UGC Merit/District),2,2,Commerce
STU-REAL-0006,real,Female,Sabaragamuwa,1AB National School,Sinhala,A,B,B,A,A,A,Commerce,A,Drama,B,Design_Tech,A,0,0,0,0,0,0,0,0,0,0,2.0,3.0,5.0,5.0,3.0,3.0,Government service,Hands-on Practical & Fieldwork,State University Degree (UGC Merit/District),3,2,Commerce
STU-REAL-0007,real,Female,Sabaragamuwa,1AB National School,Sinhala,A,A,B,A,A,A,Commerce,A,Drama,A,Design_Tech,A,1,1,0,0,0,1,1,1,0,0,2.0,2.0,3.0,4.0,1.0,1.0,Law,Hands-on Practical & Fieldwork,State University Degree (UGC Merit/District),2,5,Arts
STU-REAL-0008,real,Male,Sabaragamuwa,1AB National School,Sinhala,B,B,C,C,S,A,Geography,C,Art,C,Health_Science,C,0,0,0,0,1,0,1,1,0,0,5.0,3.0,4.0,5.0,4.0,3.0,Business,Hands-on Practical & Fieldwork,State University Degree (UGC Merit/District),5,2,Technology
STU-REAL-0009,real,Male,Sabaragamuwa,1AB National School,Sinhala,B,A,S,B,B,A,Commerce,A,Art,C,Design_Tech,B,1,0,0,0,0,0,0,1,0,0,5.0,3.0,2.0,3.0,4.0,3.0,Engineering,Hands-on Practical & Fieldwork,State University Degree (UGC Merit/District),5,2,Technology
STU-REAL-0010,real,Female,Sabaragamuwa,1AB National School,Sinhala,C,S,C,C,C,B,Geography,C,Art,C,Health_Science,C,0,0,0,0,0,1,0,0,0,0,1.0,1.0,1.0,3.0,4.0,4.0,Education,Hands-on Practical & Fieldwork,State University Degree (UGC Merit/District),5,2,Technology
STU-REAL-0011,real,Female,Sabaragamuwa,1AB National School,Sinhala,A,B,B,A,A,A,Geography,C,Drama,B,Design_Tech,A,0,1,0,0,0,0,0,0,0,0,5.0,5.0,5.0,5.0,2.0,3.0,Education,Hands-on Practical & Fieldwork,State University Degree (UGC Merit/District),5,2,Technology
STU-REAL-0012,real,Female,Sabaragamuwa,1AB National School,Sinhala,B,C,B,B,A,C,Commerce,A,Art,S,Design_Tech,A,1,0,1,0,1,0,1,1,0,0,5.0,5.0,5.0,5.0,5.0,5.0,IT,Hands-on Practical & Fieldwork,State University Degree (UGC Merit/District),5,2,Technology
STU-REAL-0013,real,Female,Sabaragamuwa,1AB National School,Sinhala,A,A,A,A,A,A,Commerce,B,Art,C,Design_Tech,A,1,1,0,0,0,0,0,0,0,0,1.0,5.0,2.0,5.0,1.0,3.0,Not sure yet,Hands-on Practical & Fieldwork,State University Degree (UGC Merit/District),5,2,Biological Science
STU-REAL-0014,real,Female,Sabaragamuwa,1AB National School,Sinhala,B,B,B,B,B,B,Commerce,A,Drama,A,Design_Tech,B,0,0,0,1,1,0,0,0,0,0,5.0,3.0,5.0,3.0,5.0,2.0,Business,Hands-on Practical & Fieldwork,State University Degree (UGC Merit/District),3,2,Commerce
STU-REAL-0015,real,Female,Sabaragamuwa,1AB National School,Sinhala,C,C,C,B,C,A,Geography,C,Art,C,Design_Tech,A,1,0,1,0,1,1,0,1,0,0,5.0,2.0,5.0,5.0,5.0,5.0,Government service,Hands-on Practical & Fieldwork,State University Degree (UGC Merit/District),3,2,Arts
STU-REAL-0016,real,Female,Sabaragamuwa,1AB National School,Sinhala,C,S,C,C,S,A,Geography,C,Art,C,Design_Tech,B,0,0,1,0,0,0,0,1,0,0,2.0,3.0,2.0,3.0,3.0,3.0,IT,Hands-on Practical & Fieldwork,State University Degree (UGC Merit/District),2,2,Commerce
STU-REAL-0017,real,Female,Sabaragamuwa,1AB National School,Sinhala,C,S,C,C,C,B,Geography,C,Art,C,Health_Science,C,0,0,1,0,0,0,0,0,0,0,1.0,1.0,2.0,3.0,3.0,4.0,Education,Hands-on Practical & Fieldwork,State University Degree (UGC Merit/District),2,2,Technology
STU-REAL-0018,real,Female,Sabaragamuwa,1AB National School,Sinhala,A,A,B,B,A,A,Commerce,A,Drama,A,Design_Tech,A,1,0,0,0,0,1,1,1,0,0,5.0,5.0,5.0,5.0,5.0,5.0,Not sure yet,Hands-on Practical & Fieldwork,State University Degree (UGC Merit/District),5,2,Biological Science
STU-REAL-0019,real,Female,Sabaragamuwa,1AB National School,Sinhala,A,B,B,B,A,A,Commerce,A,Drama,A,Design_Tech,A,1,1,0,0,0,0,1,0,0,0,3.0,3.0,4.0,5.0,4.0,3.0,Not sure yet,Hands-on Practical & Fieldwork,State University Degree (UGC Merit/District),2,2,Biological Science
STU-REAL-0020,real,Female,Central,1AB Provincial School,Sinhala,C,A,A,S,S,A,Geography,C,Drama,A,Design_Tech,B,0,0,0,0,0,0,0,1,0,0,2.0,1.0,5.0,5.0,2.0,1.0,Medicine,Hands-on Practical & Fieldwork,State University Degree (UGC Merit/District),5,2,Biological Science
STU-REAL-0021,real,Male,Central,1AB Provincial School,Sinhala,W,S,C,A,A,W,Geography,C,Drama,A,Health_Science,S,1,0,0,0,0,0,0,1,0,0,5.0,5.0,3.0,4.0,2.0,5.0,IT,Hands-on Practical & Fieldwork,State University Degree (UGC Merit/District),5,2,Technology
STU-REAL-0022,real,Female,Southern,Private/Semi-Government,Sinhala,W,W,W,W,S,A,Commerce,B,Art,S,Design_Tech,B,0,1,0,0,0,0,0,0,0,0,3.0,2.0,4.0,3.0,1.0,2.0,Business,Hands-on Practical & Fieldwork,State University Degree (UGC Merit/District),2,2,Arts
STU-REAL-0023,real,Female,Central,1AB National School,Sinhala,A,A,A,W,B,W,Commerce,A,Art,S,Health_Science,C,0,0,0,0,0,0,0,0,0,0,1.0,4.0,5.0,3.0,5.0,1.0,Business,Hands-on Practical & Fieldwork,State University Degree (UGC Merit/District),2,5,Biological Science
STU-REAL-0024,real,Male,Central,Private/Semi-Government,Sinhala,A,B,W,W,A,C,Geography,C,Art,C,Health_Science,W,0,0,0,0,0,0,0,0,0,0,5.0,4.0,5.0,1.0,5.0,1.0,Not sure yet,Hands-on Practical & Fieldwork,State University Degree (UGC Merit/District),5,2,Arts
STU-REAL-0025,real,Female,Southern,1AB National School,Sinhala,W,A,S,B,B,S,Geography,W,Art,C,Design_Tech,A,0,0,0,0,1,1,0,0,0,0,4.0,5.0,1.0,5.0,5.0,3.0,Finance,Hands-on Practical & Fieldwork,State University Degree (UGC Merit/District),5,2,Technology
STU-REAL-0026,real,Male,Sabaragamuwa,1AB Provincial School,Sinhala,C,W,B,B,S,W,Geography,S,Drama,B,Health_Science,W,1,0,0,0,0,0,0,1,0,0,2.0,2.0,4.0,2.0,5.0,5.0,Government service,Hands-on Practical & Fieldwork,State University Degree (UGC Merit/District),5,2,Commerce
STU-REAL-0027,real,Female,Southern,1AB Provincial School,Sinhala,S,A,W,W,W,B,Commerce,A,Art,S,Health_Science,S,0,0,1,0,0,1,0,0,0,0,5.0,2.0,3.0,2.0,1.0,1.0,Law,Hands-on Practical & Fieldwork,State University Degree (UGC Merit/District),5,2,Technology
STU-REAL-0028,real,Male,Sabaragamuwa,Private/Semi-Government,Sinhala,B,C,S,B,B,B,Geography,S,Drama,B,Health_Science,W,0,0,0,0,0,0,0,1,0,0,1.0,5.0,1.0,1.0,2.0,5.0,Law,Hands-on Practical & Fieldwork,State University Degree (UGC Merit/District),5,2,Commerce
STU-REAL-0029,real,Female,Sabaragamuwa,1AB National School,Sinhala,C,A,A,W,A,S,Geography,C,Art,C,Health_Science,W,0,0,1,0,0,1,0,0,0,0,4.0,3.0,4.0,5.0,5.0,1.0,Government service,Hands-on Practical & Fieldwork,State University Degree (UGC Merit/District),5,2,Technology
STU-REAL-0030,real,Male,Central,1AB Provincial School,Sinhala,C,S,C,C,S,A,Commerce,B,Art,S,Design_Tech,B,0,0,0,0,0,0,0,0,0,0,5.0,5.0,3.0,5.0,1.0,5.0,IT,Hands-on Practical & Fieldwork,State University Degree (UGC Merit/District),2,2,Technology
STU-REAL-0031,real,Female,Uva,1AB Provincial School,Sinhala,B,A,A,C,W,C,Geography,W,Art,W,Design_Tech,B,0,1,0,0,0,0,0,0,0,0,5.0,3.0,2.0,5.0,5.0,1.0,Government service,Hands-on Practical & Fieldwork,State University Degree (UGC Merit/District),3,2,Commerce
STU-REAL-0032,real,Male,Sabaragamuwa,Private/Semi-Government,Sinhala,B,B,B,S,B,W,Commerce,A,Art,C,Health_Science,W,0,0,0,0,0,0,0,0,0,0,5.0,4.0,3.0,3.0,4.0,3.0,Medicine,Hands-on Practical & Fieldwork,State University Degree (UGC Merit/District),3,2,Biological Science
STU-REAL-0033,real,Male,Uva,1AB Provincial School,Sinhala,S,S,C,S,C,S,Commerce,A,Art,W,Health_Science,C,1,0,0,0,0,0,0,1,0,0,2.0,4.0,2.0,5.0,1.0,2.0,Education,Hands-on Practical & Fieldwork,State University Degree (UGC Merit/District),3,2,Arts
STU-REAL-0034,real,Female,Southern,1AB Provincial School,Sinhala,A,W,C,B,W,S,Geography,C,Art,W,Health_Science,C,0,0,0,0,1,1,0,0,0,0,1.0,3.0,1.0,5.0,4.0,3.0,Medicine,Hands-on Practical & Fieldwork,State University Degree (UGC Merit/District),2,2,Technology
STU-REAL-0035,real,Female,Central,Private/Semi-Government,Sinhala,W,C,B,A,W,B,Commerce,B,Drama,B,Design_Tech,B,0,1,0,0,0,0,0,0,0,0,4.0,5.0,4.0,4.0,5.0,3.0,Business,Hands-on Practical & Fieldwork,State University Degree (UGC Merit/District),3,2,Technology
STU-REAL-0036,real,Female,Southern,1AB Provincial School,Sinhala,S,W,C,S,A,A,Geography,S,Drama,B,Health_Science,W,0,0,0,0,1,1,0,0,0,0,5.0,4.0,5.0,3.0,2.0,2.0,Medicine,Hands-on Practical & Fieldwork,State University Degree (UGC Merit/District),5,2,Arts
STU-REAL-0037,real,Male,Uva,1AB Provincial School,Sinhala,S,B,S,W,A,W,Commerce,B,Art,C,Health_Science,S,0,1,0,0,0,0,0,0,0,0,1.0,4.0,2.0,4.0,3.0,4.0,Engineering,Hands-on Practical & Fieldwork,State University Degree (UGC Merit/District),5,2,Technology
STU-REAL-0038,real,Male,Southern,Private/Semi-Government,Sinhala,S,C,A,A,C,S,Geography,C,Art,S,Design_Tech,A,0,0,0,0,0,0,0,1,0,0,4.0,5.0,4.0,5.0,3.0,4.0,Education,Hands-on Practical & Fieldwork,State University Degree (UGC Merit/District),2,5,Commerce
STU-REAL-0039,real,Female,Central,Private/Semi-Government,Sinhala,B,S,A,W,A,C,Geography,C,Art,S,Health_Science,C,0,0,0,0,1,1,0,0,0,0,1.0,2.0,2.0,4.0,2.0,4.0,Engineering,Hands-on Practical & Fieldwork,State University Degree (UGC Merit/District),2,5,Arts
STU-REAL-0040,real,Male,Southern,1AB Provincial School,Sinhala,W,S,S,C,A,S,Commerce,B,Art,W,Health_Science,C,0,1,0,0,0,0,0,0,0,0,2.0,2.0,5.0,3.0,1.0,2.0,Not sure yet,Hands-on Practical & Fieldwork,State University Degree (UGC Merit/District),2,2,Biological Science
STU-REAL-0041,real,Male,Central,1AB National School,Sinhala,C,A,C,A,S,C,Commerce,B,Drama,B,Design_Tech,A,0,1,0,0,0,0,0,0,0,0,5.0,1.0,3.0,2.0,4.0,4.0,Medicine,Hands-on Practical & Fieldwork,State University Degree (UGC Merit/District),3,2,Technology
STU-REAL-0042,real,Male,Central,1AB Provincial School,Sinhala,C,S,B,B,W,C,Geography,C,Drama,A,Health_Science,S,0,0,0,0,0,0,0,0,0,0,5.0,1.0,5.0,3.0,2.0,2.0,Law,Hands-on Practical & Fieldwork,State University Degree (UGC Merit/District),5,2,Arts
STU-REAL-0043,real,Female,Central,1AB National School,Sinhala,B,C,A,B,B,B,Commerce,A,Drama,A,Health_Science,C,0,0,1,0,0,1,0,0,0,0,1.0,3.0,5.0,1.0,5.0,5.0,Government service,Hands-on Practical & Fieldwork,State University Degree (UGC Merit/District),2,5,Biological Science
STU-REAL-0044,real,Female,Uva,1AB National School,Sinhala,W,S,S,W,A,W,Geography,W,Drama,B,Design_Tech,A,0,0,0,0,0,0,0,0,0,0,4.0,5.0,4.0,2.0,4.0,3.0,Government service,Hands-on Practical & Fieldwork,State University Degree (UGC Merit/District),2,5,Arts
STU-REAL-0045,real,Female,Southern,1AB Provincial School,Sinhala,B,A,B,W,S,W,Geography,W,Art,S,Design_Tech,A,0,0,0,0,0,0,0,0,0,0,5.0,1.0,1.0,4.0,5.0,4.0,Medicine,Hands-on Practical & Fieldwork,State University Degree (UGC Merit/District),5,2,Arts
STU-REAL-0046,real,Male,Uva,Private/Semi-Government,Sinhala,W,S,B,C,A,C,Geography,C,Drama,B,Health_Science,C,0,0,0,0,0,0,0,1,0,0,2.0,4.0,1.0,4.0,2.0,3.0,Engineering,Hands-on Practical & Fieldwork,State University Degree (UGC Merit/District),2,5,Technology
STU-REAL-0047,real,Female,Uva,1AB National School,Sinhala,W,W,A,S,A,S,Geography,C,Art,W,Health_Science,C,0,1,0,0,0,0,0,0,0,0,1.0,5.0,5.0,5.0,1.0,5.0,Not sure yet,Hands-on Practical & Fieldwork,State University Degree (UGC Merit/District),2,2,Commerce
STU-REAL-0048,real,Male,Sabaragamuwa,1AB National School,Sinhala,B,C,B,B,S,C,Geography,C,Art,W,Health_Science,C,0,1,0,0,0,0,0,0,0,0,5.0,3.0,4.0,4.0,5.0,1.0,Engineering,Hands-on Practical & Fieldwork,State University Degree (UGC Merit/District),5,2,Arts
STU-REAL-0049,real,Male,Central,Private/Semi-Government,Sinhala,W,W,C,W,C,W,Geography,C,Art,W,Design_Tech,A,0,0,0,0,1,1,0,0,0,0,4.0,4.0,2.0,4.0,2.0,2.0,Government service,Hands-on Practical & Fieldwork,State University Degree (UGC Merit/District),5,2,Commerce
STU-REAL-0050,real,Female,Sabaragamuwa,Private/Semi-Government,Sinhala,W,C,A,A,S,S,Commerce,B,Drama,A,Design_Tech,B,1,0,0,0,0,0,0,1,0,0,5.0,3.0,1.0,1.0,5.0,2.0,Not sure yet,Hands-on Practical & Fieldwork,State University Degree (UGC Merit/District),3,2,Commerce
STU-REAL-0051,real,Male,Sabaragamuwa,1AB Provincial School,Sinhala,B,C,S,S,B,B,Geography,W,Art,W,Health_Science,C,0,0,0,0,0,0,0,0,0,0,1.0,4.0,2.0,2.0,2.0,5.0,Engineering,Hands-on Practical & Fieldwork,State University Degree (UGC Merit/District),5,2,Biological Science
STU-REAL-0052,real,Female,Uva,1AB Provincial School,Sinhala,A,W,W,W,B,C,Geography,W,Drama,B,Health_Science,S,0,0,0,0,0,0,0,0,0,0,1.0,1.0,1.0,2.0,4.0,5.0,Business,Hands-on Practical & Fieldwork,State University Degree (UGC Merit/District),3,2,Commerce
STU-REAL-0053,real,Female,Uva,1AB National School,Sinhala,C,A,B,W,A,W,Commerce,B,Drama,B,Health_Science,S,0,0,0,0,0,0,0,1,0,0,2.0,3.0,2.0,3.0,2.0,5.0,Law,Hands-on Practical & Fieldwork,State University Degree (UGC Merit/District),2,2,Arts
STU-REAL-0054,real,Female,Sabaragamuwa,1AB Provincial School,Sinhala,W,A,C,W,W,W,Commerce,B,Art,W,Design_Tech,A,1,0,0,0,0,0,0,1,0,0,1.0,3.0,4.0,1.0,5.0,4.0,Finance,Hands-on Practical & Fieldwork,State University Degree (UGC Merit/District),2,5,Biological Science
STU-REAL-0055,real,Male,Uva,1AB Provincial School,Sinhala,W,W,S,W,W,B,Commerce,A,Drama,B,Health_Science,C,0,1,0,0,0,0,0,0,0,0,2.0,4.0,4.0,2.0,3.0,4.0,IT,Hands-on Practical & Fieldwork,State University Degree (UGC Merit/District),3,2,Biological Science
STU-REAL-0056,real,Female,Uva,Private/Semi-Government,Sinhala,B,W,S,S,A,B,Geography,S,Drama,A,Health_Science,W,0,1,0,0,0,0,0,0,0,0,1.0,4.0,2.0,4.0,2.0,1.0,Finance,Hands-on Practical & Fieldwork,State University Degree (UGC Merit/District),2,2,Technology
STU-REAL-0057,real,Male,Central,Private/Semi-Government,Sinhala,S,B,C,C,C,A,Geography,W,Art,W,Health_Science,S,0,1,0,0,0,0,0,0,0,0,2.0,5.0,4.0,4.0,5.0,2.0,Medicine,Hands-on Practical & Fieldwork,State University Degree (UGC Merit/District),2,2,Biological Science
STU-REAL-0058,real,Female,Uva,1AB National School,Sinhala,S,A,W,C,W,C,Geography,S,Drama,B,Design_Tech,B,0,0,0,0,0,0,0,0,0,0,1.0,5.0,2.0,5.0,1.0,4.0,Education,Hands-on Practical & Fieldwork,State University Degree (UGC Merit/District),2,5,Arts
STU-REAL-0059,real,Male,Uva,Private/Semi-Government,Sinhala,S,W,A,A,A,C,Geography,W,Drama,A,Design_Tech,B,1,0,0,0,0,0,0,1,0,0,4.0,4.0,4.0,3.0,3.0,2.0,Government service,Hands-on Practical & Fieldwork,State University Degree (UGC Merit/District),2,5,Biological Science
STU-REAL-0060,real,Male,Sabaragamuwa,1AB Provincial School,Sinhala,C,S,S,W,S,C,Geography,W,Art,C,Health_Science,C,0,0,0,0,1,1,0,0,0,0,5.0,2.0,1.0,5.0,2.0,3.0,Education,Hands-on Practical & Fieldwork,State University Degree (UGC Merit/District),2,2,Commerce
STU-REAL-0061,real,Female,Uva,Private/Semi-Government,Sinhala,W,C,S,W,C,W,Geography,W,Art,C,Health_Science,S,0,0,0,0,0,0,0,0,0,0,3.0,3.0,5.0,4.0,2.0,5.0,Education,Hands-on Practical & Fieldwork,State University Degree (UGC Merit/District),2,5,Biological Science
STU-REAL-0062,real,Male,Central,1AB National School,Sinhala,W,B,B,W,S,A,Commerce,B,Art,C,Design_Tech,B,0,1,0,0,0,0,0,0,0,0,2.0,4.0,1.0,3.0,3.0,2.0,Not sure yet,Hands-on Practical & Fieldwork,State University Degree (UGC Merit/District),5,2,Arts
STU-REAL-0063,real,Male,Central,1AB National School,Sinhala,A,W,C,A,B,B,Commerce,A,Art,S,Design_Tech,A,0,0,0,0,0,0,0,1,0,0,2.0,3.0,2.0,4.0,1.0,2.0,Law,Hands-on Practical & Fieldwork,State University Degree (UGC Merit/District),3,2,Commerce
STU-REAL-0064,real,Female,Uva,1AB Provincial School,Sinhala,B,W,C,C,B,S,Geography,C,Art,C,Design_Tech,A,0,0,0,0,1,1,0,0,0,0,4.0,3.0,4.0,3.0,3.0,1.0,Not sure yet,Hands-on Practical & Fieldwork,State University Degree (UGC Merit/District),5,2,Biological Science
STU-REAL-0065,real,Male,Uva,Private/Semi-Government,Sinhala,A,S,S,W,C,W,Commerce,B,Art,C,Health_Science,C,0,0,1,0,0,1,0,0,0,0,5.0,5.0,1.0,1.0,4.0,1.0,Medicine,Hands-on Practical & Fieldwork,State University Degree (UGC Merit/District),2,2,Biological Science
STU-REAL-0066,real,Female,Central,Private/Semi-Government,Sinhala,B,W,B,A,S,B,Geography,S,Drama,B,Design_Tech,B,0,1,0,0,0,0,0,0,0,0,4.0,5.0,5.0,4.0,5.0,2.0,Education,Hands-on Practical & Fieldwork,State University Degree (UGC Merit/District),5,2,Technology
STU-REAL-0067,real,Male,Southern,Private/Semi-Government,Sinhala,C,B,W,A,C,C,Geography,S,Art,W,Design_Tech,A,1,0,0,0,0,0,0,1,0,0,3.0,5.0,1.0,2.0,4.0,5.0,Medicine,Hands-on Practical & Fieldwork,State University Degree (UGC Merit/District),5,2,Biological Science
STU-REAL-0068,real,Female,Uva,1AB National School,Sinhala,W,A,S,C,W,B,Geography,S,Art,W,Health_Science,W,0,1,0,0,0,0,0,0,0,0,4.0,3.0,4.0,3.0,5.0,2.0,Not sure yet,Hands-on Practical & Fieldwork,State University Degree (UGC Merit/District),2,2,Commerce
STU-REAL-0069,real,Female,Sabaragamuwa,Private/Semi-Government,Sinhala,A,S,W,C,B,B,Geography,C,Art,C,Health_Science,S,0,0,0,0,0,0,0,0,0,0,3.0,4.0,5.0,1.0,2.0,2.0,Medicine,Hands-on Practical & Fieldwork,State University Degree (UGC Merit/District),2,5,Commerce
